pipeline_id,pipeline_name
cat001,any-to-any
cat002,audio-classification
cat003,audio-text-to-text
cat004,audio-to-audio
cat005,automatic-speech-recognition
cat006,depth-estimation
cat007,feature-extracti
cat008,feature-extraction
cat009,fill-mask
cat010,fuzzy-function-compilation / neural-programs
cat011,image-classification
cat012,image-feature-extraction
cat013,image-segmentation
cat014,image-text-to-image
cat015,image-text-to-text
cat016,image-text-to-video
cat017,image-to-3d
cat018,image-to-image
cat019,image-to-text
cat020,image-to-video
cat021,keypoint-detection
cat022,mask-generation
cat023,object-detection
cat024,other
cat025,question-answering
cat026,robotics
cat027,sentence-similarity
cat028,summarization
cat029,table-question-answering
cat030,tabular-classification
cat031,tabular-regression
cat032,text-classification
cat033,text-generation
cat034,text-ranking
cat035,text-to-audio
cat036,text-to-image
cat037,text-to-speech
cat038,text-to-text-generation
cat039,text-to-video
cat040,time-series-forecasting
cat041,token-classification
cat042,translation
cat043,video-classification
cat044,video-to-video
cat045,visual-document-retrieval
cat046,visual-question-answering
cat047,voice-activity-detection
cat048,zero-shot-classification
cat049,zero-shot-image-classification
cat050,zero-shot-object-detection
